jfreechart-1,Astor-jMutRepair,0:02:14,RepairStatus.UNKNOWN,"April 15, 2020"
jfreechart-1,Astor-jgenprog,0:04:36,RepairStatus.UNKNOWN,"April 15, 2020"
jfreechart-1,Astor-jKali,0:01:44,RepairStatus.UNKNOWN,"April 15, 2020"
jfreechart-1,Astor-Cardumen,0:01:53,RepairStatus.SUCCESS,"April 15, 2020"
jfreechart-5,Astor-jMutRepair,0:00:12,RepairStatus.UNKNOWN,"April 15, 2020"
jfreechart-5,Astor-Cardumen,0:01:10,RepairStatus.UNKNOWN,"April 15, 2020"
jfreechart-5,Astor-jKali,0:20:31,RepairStatus.UNKNOWN,"April 15, 2020"
jfreechart-5,Astor-jgenprog,0:17:37,RepairStatus.UNKNOWN,"April 15, 2020"
aclang-2,Astor-jgenprog,0:39:58,RepairStatus.UNKNOWN,"April 20, 2020"
aclang-2,Astor-jKali,0:02:02,RepairStatus.UNKNOWN,"April 20, 2020"
aclang-2,Astor-jMutRepair,0:02:11,RepairStatus.UNKNOWN,"April 20, 2020"
aclang-2,Astor-Cardumen,timeout,RepairStatus.UNKNOWN,"April 20, 2020"
asterisk-java-194,Astor-jgenprog,0:38:59,RepairStatus.UNKNOWN,"April 21, 2020"
asterisk-java-194,Astor-jKali,0:00:50,RepairStatus.UNKNOWN,"April 21, 2020"
asterisk-java-194,Astor-Cardumen,0:02:45,RepairStatus.UNKNOWN,"April 21, 2020"
asterisk-java-194,Astor-jMutRepair,0:00:40,RepairStatus.UNKNOWN,"April 21, 2020"
closure-1,Astor-Cardumen,0:00:15,RepairStatus.UNKNOWN,"April 21, 2020"
closure-1,Astor-jKali,0:00:13,RepairStatus.UNKNOWN,"April 21, 2020"
closure-1,Astor-jgenprog,0:00:12,RepairStatus.UNKNOWN,"April 21, 2020"
closure-1,Astor-jMutRepair,0:00:13,RepairStatus.UNKNOWN,"April 21, 2020"
Bears-104,Astor-Cardumen,0:00:16,RepairStatus.UNKNOWN,"April 17, 2020"
Bears-104,Astor-jgenprog,0:00:17,RepairStatus.UNKNOWN,"April 17, 2020"
Bears-104,Astor-jKali,0:00:15,RepairStatus.UNKNOWN,"April 17, 2020"
Bears-104,Astor-jMutRepair,0:00:15,RepairStatus.UNKNOWN,"April 17, 2020"
Bears-101,Astor-jMutRepair,0:00:57,RepairStatus.UNKNOWN,"April 16, 2020"
Bears-101,Astor-Cardumen,0:02:30,RepairStatus.SUCCESS,"April 16, 2020"
Bears-101,Astor-jKali,0:00:37,RepairStatus.SUCCESS,"April 16, 2020"
Bears-101,Astor-jgenprog,0:00:42,RepairStatus.SUCCESS,"April 16, 2020"
Bears-5,Astor-Cardumen,0:01:28,RepairStatus.UNKNOWN,"April 22, 2020"
Bears-5,Astor-jMutRepair,0:09:41,RepairStatus.UNKNOWN,"April 22, 2020"
Bears-5,Astor-jKali,0:08:57,RepairStatus.UNKNOWN,"April 22, 2020"
Bears-21,Astor-Cardumen,0:01:15,RepairStatus.UNKNOWN,"April 22, 2020"
Bears-21,Astor-jMutRepair,0:17:16,RepairStatus.UNKNOWN,"April 22, 2020"
Bears-21,Astor-jKali,0:13:50,RepairStatus.UNKNOWN,"April 22, 2020"
Bears-8,Astor-Cardumen,0:01:05,RepairStatus.UNKNOWN,"April 22, 2020"
Bears-8,Astor-jMutRepair,0:16:51,RepairStatus.UNKNOWN,"April 22, 2020"
Bears-8,Astor-jKali,0:14:54,RepairStatus.UNKNOWN,"April 22, 2020"
Bears-180,Astor-jgenprog,0:00:12,RepairStatus.UNKNOWN,"April 23, 2020"
Bears-180,Astor-jKali,0:00:10,RepairStatus.UNKNOWN,"April 23, 2020"
Bears-180,Astor-jMutRepair,0:00:11,RepairStatus.UNKNOWN,"April 23, 2020"
Bears-180,Astor-Cardumen,0:00:10,RepairStatus.UNKNOWN,"April 23, 2020"
Bears-114,Astor-jgenprog,2:00:30,RepairStatus.UNKNOWN,"April 23, 2020"
Bears-114,Astor-jKali,0:01:34,RepairStatus.UNKNOWN,"April 23, 2020"
Bears-114,Astor-Cardumen,0:51:02,RepairStatus.UNKNOWN,"April 23, 2020"
Bears-114,Astor-jMutRepair,0:15:51,RepairStatus.UNKNOWN,"April 23, 2020"
Bears-102,Astor-jgenprog,0:00:10,RepairStatus.UNKNOWN,"April 23, 2020"
Bears-102,Astor-jKali,0:19:11,RepairStatus.UNKNOWN,"April 23, 2020"
Bears-102,Astor-Cardumen,0:53:43,RepairStatus.UNKNOWN,"April 23, 2020"
Bears-102,Astor-jMutRepair,0:11:08,RepairStatus.UNKNOWN,"April 23, 2020"
Bears-84,Astor-jKali,0:01:43,RepairStatus.UNKNOWN,"April 23, 2020"
Bears-84,Astor-Cardumen,0:01:34,RepairStatus.UNKNOWN,"April 23, 2020"
Bears-84,Astor-jMutRepair,0:01:33,RepairStatus.UNKNOWN,"April 23, 2020"
Bears-103,Astor-jMutRepair,0:05:11,RepairStatus.UNKNOWN,"April 23, 2020"
Bears-103,Astor-Cardumen,1:24:58,RepairStatus.UNKNOWN,"April 23, 2020"
Bears-103,Astor-jKali,0:25:12,RepairStatus.UNKNOWN,"April 23, 2020"
Bears-119,Astor-Cardumen,0:03:03,RepairStatus.UNKNOWN,"April 24, 2020"
Bears-119,Astor-jKali,0:01:39,RepairStatus.UNKNOWN,"April 24, 2020"
Bears-119,Astor-jMutRepair,0:01:09,RepairStatus.UNKNOWN,"April 24, 2020"
Bears-178,Astor-Cardumen,0:24:39,RepairStatus.UNKNOWN,"April 24, 2020"
Bears-178,Astor-jMutRepair,0:18:32,RepairStatus.UNKNOWN,"April 24, 2020"
Bears-178,Astor-jKali,1:02:52,RepairStatus.UNKNOWN,"April 24, 2020"
Bears-188,Astor-jgenprog,0:01:09,RepairStatus.SUCCESS,"April 24, 2020"
Bears-188,Astor-jMutRepair,0:00:11,RepairStatus.UNKNOWN,"April 24, 2020"
Bears-188,Astor-Cardumen,0:01:08,RepairStatus.SUCCESS,"April 24, 2020"
Bears-188,Astor-jKali,0:00:21,RepairStatus.SUCCESS,"April 24, 2020"
Bears-193,Astor-jKali,0:00:21,RepairStatus.UNKNOWN,"April 24, 2020"
Bears-193,Astor-Cardumen,0:00:20,RepairStatus.UNKNOWN,"April 24, 2020"
Bears-193,Astor-jgenprog,0:00:20,RepairStatus.UNKNOWN,"April 24, 2020"
Bears-193,Astor-jMutRepair,0:00:20,RepairStatus.UNKNOWN,"April 24, 2020"
WICKET-5359,Astor-Cardumen,0:02:46,RepairStatus.SUCCESS,"April 18, 2020"
WICKET-5359,Astor-jKali,0:05:40,RepairStatus.SUCCESS,"April 18, 2020"
WICKET-5359,Astor-jgenprog,0:05:14,RepairStatus.SUCCESS,"April 18, 2020"
WICKET-5359,Astor-jMutRepair,0:05:36,RepairStatus.SUCCESS,"April 18, 2020"
WICKET-3065,Astor-jMutRepair,1:28:20,RepairStatus.UNKNOWN,"April 18, 2020"
WICKET-3065,Astor-Cardumen,0:47:15,RepairStatus.UNKNOWN,"April 18, 2020"
WICKET-3065,Astor-jgenprog,0:46:24,RepairStatus.UNKNOWN,"April 18, 2020"
WICKET-3065,Astor-jKali,timeout,RepairStatus.UNKNOWN,"April 18, 2020"
WICKET-3906,Astor-Cardumen,0:02:19,RepairStatus.UNKNOWN,"April 18, 2020"
WICKET-3906,Astor-jgenprog,0:01:41,RepairStatus.UNKNOWN,"April 18, 2020"
WICKET-3906,Astor-jKali,0:01:20,RepairStatus.UNKNOWN,"April 18, 2020"
WICKET-3906,Astor-jMutRepair,0:01:03,RepairStatus.UNKNOWN,"April 18, 2020"
WICKET-4384,Astor-jMutRepair,0:00:57,RepairStatus.UNKNOWN,"April 18, 2020"
WICKET-4384,Astor-Cardumen,0:00:34,RepairStatus.UNKNOWN,"April 18, 2020"
WICKET-4384,Astor-jKali,0:00:28,RepairStatus.UNKNOWN,"April 18, 2020"
WICKET-4384,Astor-jgenprog,0:00:26,RepairStatus.UNKNOWN,"April 18, 2020"
WICKET-5204,Astor-jMutRepair,0:01:08,RepairStatus.UNKNOWN,"April 19, 2020"
WICKET-5204,Astor-jgenprog,2:00:48,RepairStatus.UNKNOWN,"April 19, 2020"
WICKET-5204,Astor-jKali,0:01:18,RepairStatus.UNKNOWN,"April 19, 2020"
WICKET-5204,Astor-Cardumen,0:12:24,RepairStatus.UNKNOWN,"April 19, 2020"
WICKET-5209,Astor-jgenprog,1:07:20,RepairStatus.UNKNOWN,"April 19, 2020"
WICKET-5209,Astor-jMutRepair,1:43:44,RepairStatus.UNKNOWN,"April 19, 2020"
WICKET-5209,Astor-Cardumen,0:04:14,RepairStatus.UNKNOWN,"April 19, 2020"
WICKET-5209,Astor-jKali,1:05:03,RepairStatus.UNKNOWN,"April 19, 2020"
WICKET-4030,Astor-Cardumen,0:02:53,RepairStatus.UNKNOWN,"April 19, 2020"
WICKET-4030,Astor-jMutRepair,0:37:01,RepairStatus.UNKNOWN,"April 19, 2020"
WICKET-4030,Astor-jKali,0:00:29,RepairStatus.UNKNOWN,"April 20, 2020"
WICKET-4030,Astor-jGenProg,timeout,RepairStatus.UNKNOWN,"April 20, 2020"
CAMEL-6779,Astor-Cardumen,0:26:48,RepairStatus.UNKNOWN,"April 25, 2020"
CAMEL-6779,Astor-jMutRepair,0:28:24,RepairStatus.UNKNOWN,"April 25, 2020"
CAMEL-7209,Astor-Cardumen,0:26:48,RepairStatus.UNKNOWN,"April 25, 2020"
CAMEL-7209,Astor-jMutRepair,0:48:34,RepairStatus.UNKNOWN,"April 25, 2020"
CAMEL-7209,Astor-jKali,1:05:04,RepairStatus.UNKNOWN,"April 25, 2020"
CAMEL-7213,Astor-Cardumen,0:25:16,RepairStatus.UNKNOWN,"April 25, 2020"
CAMEL-9269,Astor-Cardumen,1:27:42,RepairStatus.UNKNOWN,"April 26, 2020"
CAMEL-9269,Astor-jgenprog,1:07:51,RepairStatus.UNKNOWN,"April 26, 2020"
CAMEL-9238,Astor-jgenprog,0:31:02,RepairStatus.UNKNOWN,"April 26, 2020"
CAMEL-9238,Astor-Cardumen,1:00:37,RepairStatus.UNKNOWN,"April 26, 2020"
CAMEL-9238,Astor-jMutRepair,1:07:41,RepairStatus.UNKNOWN,"April 26, 2020"
MATH-1089,Astor-jMutRepair,0:08:02,RepairStatus.UNKNOWN,"April 26, 2020"
MATH-1089,Astor-jKali,0:09:14,RepairStatus.UNKNOWN,"April 26, 2020"
MATH-1089,Astor-jgenprog,1:03:41,RepairStatus.UNKNOWN,"April 26, 2020"
MATH-1256,Astor-jMutRepair,0:04:40,RepairStatus.UNKNOWN,"April 26, 2020"
MATH-1256,Astor-jKali,0:04:29,RepairStatus.UNKNOWN,"April 26, 2020"
MATH-1256,Astor-Cardumen,0:04:37,RepairStatus.UNKNOWN,"April 26, 2020"
MATH-1256,Astor-jgenprog,0:04:29,RepairStatus.UNKNOWN,"April 26, 2020"
MATH-778,Astor-jMutRepair,0:53:43,RepairStatus.UNKNOWN,"April 26, 2020"
MATH-778,Astor-jKali,0:55:39,RepairStatus.UNKNOWN,"April 26, 2020"
MATH-778,Astor-Cardumen,0:11:16,RepairStatus.UNKNOWN,"April 26, 2020"
MATH-1121,Astor-jMutRepair,0:46:36,RepairStatus.UNKNOWN,"April 26, 2020"
MATH-1121,Astor-jKali,1:14:16,RepairStatus.UNKNOWN,"April 26, 2020"
FLINK-1761,Astor-jMutRepair,0:46:49,RepairStatus.UNKNOWN,"April 27, 2020"
FLINK-1761,Astor-jKali,0:50:04,RepairStatus.UNKNOWN,"April 27, 2020"
FLINK-1761,Astor-Cardumen,0:48:01,RepairStatus.UNKNOWN,"April 27, 2020"
FLINK-1761,Astor-jgenprog,0:44:57,RepairStatus.UNKNOWN,"April 27, 2020"
FLINK-3760,Astor-jMutRepair,0:11:51,RepairStatus.UNKNOWN,"April 27, 2020"
FLINK-3760,Astor-jKali,0:15:12,RepairStatus.UNKNOWN,"April 27, 2020"
FLINK-3760,Astor-Cardumen,0:15:08,RepairStatus.UNKNOWN,"April 27, 2020"
FLINK-3760,Astor-jgenprog,2:25:01,RepairStatus.UNKNOWN,"April 27, 2020"
FLINK-1437,Astor-jMutRepair,0:28:56,RepairStatus.UNKNOWN,"April 27, 2020"
FLINK-1437,Astor-jKali,0:33:26,RepairStatus.UNKNOWN,"April 27, 2020"
FLINK-2800,Astor-jMutRepair,0:10:59,RepairStatus.UNKNOWN,"April 27, 2020"
FLINK-2800,Astor-jKali,0:11:00,RepairStatus.UNKNOWN,"April 27, 2020"
FLINK-2800,Astor-Cardumen,0:33:41,RepairStatus.UNKNOWN,"April 27, 2020"
LOG4J2-742,Astor-Cardumen,0:23:39,RepairStatus.UNKNOWN,"April 28, 2020"
LOG4J2-1058,Astor-jKali,0:10:41,RepairStatus.UNKNOWN,"April 28, 2020"
LOG4J2-1058,Astor-Cardumen,0:03:20,RepairStatus.UNKNOWN,"April 28, 2020"
LOG4J2-1058,Astor-jgenprog,0:02:46,RepairStatus.UNKNOWN,"April 28, 2020"
LOG4J2-1058,Astor-jMutRepair,0:02:39,RepairStatus.UNKNOWN,"April 28, 2020"
LOG4J2-1061,Astor-jKali,0:02:37,RepairStatus.UNKNOWN,"April 28, 2020"
LOG4J2-1061,Astor-Cardumen,0:02:48,RepairStatus.UNKNOWN,"April 28, 2020"
LOG4J2-1061,Astor-jgenprog,0:02:46,RepairStatus.UNKNOWN,"April 28, 2020"
LOG4J2-1061,Astor-jMutRepair,0:02:46,RepairStatus.UNKNOWN,"April 28, 2020"
LOG4J2-834,Astor-Cardumen,0:13:12,RepairStatus.UNKNOWN,"April 28, 2020"
OAK-3123,Astor-jMutRepair,0:47:46,RepairStatus.UNKNOWN,"April 29, 2020"
OAK-3123,Astor-jKali,1:09:06,RepairStatus.UNKNOWN,"April 29, 2020"
OAK-2250,Astor-Cardumen,0:00:17,RepairStatus.UNKNOWN,"April 29, 2020"
OAK-2250,Astor-jMutRepair,0:00:09,RepairStatus.UNKNOWN,"April 29, 2020"
OAK-2250,Astor-jKali,0:00:09,RepairStatus.UNKNOWN,"April 29, 2020"
OAK-2250,Astor-jgenprog,0:00:08,RepairStatus.UNKNOWN,"April 29, 2020"
OAK-2363,Astor-Cardumen,0:00:36,RepairStatus.UNKNOWN,"April 29, 2020"
OAK-2363,Astor-jMutRepair,0:00:39,RepairStatus.UNKNOWN,"April 29, 2020"
OAK-2363,Astor-jKali,0:00:24,RepairStatus.UNKNOWN,"April 29, 2020"
OAK-2363,Astor-jgenprog,0:00:28,RepairStatus.UNKNOWN,"April 29, 2020"
OAK-2559,Astor-Cardumen,0:00:07,RepairStatus.UNKNOWN,"April 29, 2020"
OAK-2559,Astor-jMutRepair,0:00:07,RepairStatus.UNKNOWN,"April 29, 2020"
OAK-2559,Astor-jKali,0:00:07,RepairStatus.UNKNOWN,"April 29, 2020"
OAK-2559,Astor-jgenprog,0:00:06,RepairStatus.UNKNOWN,"April 29, 2020"
OAK-4067,Astor-jMutRepair,0:07:43,RepairStatus.UNKNOWN,"April 29, 2020"
OAK-4067,Astor-jKali,0:20:34,RepairStatus.UNKNOWN,"April 29, 2020"
OAK-4067,Astor-jgenprog,0:38:36,RepairStatus.UNKNOWN,"April 29, 2020"
OAK-2465,Astor-Cardumen,0:00:31,RepairStatus.UNKNOWN,"April 29, 2020"
OAK-2465,Astor-jMutRepair,0:00:30,RepairStatus.UNKNOWN,"April 29, 2020"
OAK-2465,Astor-jKali,0:00:30,RepairStatus.UNKNOWN,"April 29, 2020"
OAK-2465,Astor-jgenprog,0:00:24,RepairStatus.UNKNOWN,"April 29, 2020"
OAK-766,Astor-Cardumen,0:00:21,RepairStatus.UNKNOWN,"April 29, 2020"
OAK-766,Astor-jMutRepair,0:00:23,RepairStatus.UNKNOWN,"April 29, 2020"
OAK-766,Astor-jKali,0:00:22,RepairStatus.UNKNOWN,"April 29, 2020"
OAK-766,Astor-jgenprog,0:00:18,RepairStatus.UNKNOWN,"April 29, 2020"
OAK-3028,Astor-jKali,0:10:42,RepairStatus.UNKNOWN,"April 29, 2020"
ACCUMULO-844,Astor-jKali,1:08:29,RepairStatus.UNKNOWN,"April 30, 2020"
ACCUMULO-844,Astor-jMutRepair,0:55:28,RepairStatus.UNKNOWN,"April 30, 2020"
ACCUMULO-1051,Astor-jKali,0:58:45,RepairStatus.UNKNOWN,"April 30, 2020"
ACCUMULO-1051,Astor-jgenprog,1:06:11,RepairStatus.UNKNOWN,"April 30, 2020"
ACCUMULO-1051,Astor-jMutRepair,0:59:24,RepairStatus.UNKNOWN,"April 30, 2020"
ACCUMULO-2671,Astor-jKali,0:00:50,RepairStatus.UNKNOWN,"April 30, 2020"
ACCUMULO-2671,Astor-Cardumen,0:00:42,RepairStatus.UNKNOWN,"April 30, 2020"
ACCUMULO-2671,Astor-jgenprog,0:00:38,RepairStatus.UNKNOWN,"April 30, 2020"
ACCUMULO-2671,Astor-jMutRepair,0:00:40,RepairStatus.UNKNOWN,"April 30, 2020"
ACCUMULO-776,Astor-jKali,0:59:18,RepairStatus.UNKNOWN,"April 30, 2020"
ACCUMULO-776,Astor-jgenprog,1:54:15,RepairStatus.UNKNOWN,"April 30, 2020"
ACCUMULO-776,Astor-jMutRepair,0:56:43,RepairStatus.UNKNOWN,"April 30, 2020"
ACCUMULO-1348_b,Astor-jKali,0:45:20,RepairStatus.UNKNOWN,"April 30, 2020"
ACCUMULO-1348_b,Astor-Cardumen,0:01:28,RepairStatus.UNKNOWN,"April 30, 2020"
ACCUMULO-1348_b,Astor-jgenprog,1:43:13,RepairStatus.UNKNOWN,"April 30, 2020"
ACCUMULO-1348_b,Astor-jMutRepair,0:42:44,RepairStatus.UNKNOWN,"April 30, 2020"
ACCUMULO-1348,Astor-jKali,1:02:37,RepairStatus.UNKNOWN,"April 30, 2020"
ACCUMULO-1348,Astor-Cardumen,0:02:21,RepairStatus.UNKNOWN,"April 30, 2020"
ACCUMULO-1348,Astor-jMutRepair,1:06:54,RepairStatus.UNKNOWN,"April 30, 2020"
ACCUMULO-209,Astor-jKali,0:10:47,RepairStatus.UNKNOWN,"April 30, 2020"
ACCUMULO-209,Astor-Cardumen,0:01:24,RepairStatus.UNKNOWN,"April 30, 2020"
ACCUMULO-209,Astor-jMutRepair,0:09:01,RepairStatus.UNKNOWN,"April 30, 2020"
hoverruan-weiboclient4j-129,Astor-Cardumen,0:00:13,RepairStatus.UNKNOWN,"May 01, 2020"
hoverruan-weiboclient4j-129,Astor-jKali,0:00:12,RepairStatus.UNKNOWN,"May 01, 2020"
hoverruan-weiboclient4j-129,Astor-jMutRepair,0:00:13,RepairStatus.UNKNOWN,"May 01, 2020"
hoverruan-weiboclient4j-129,Astor-jgenprog,0:00:13,RepairStatus.UNKNOWN,"May 01, 2020"
hoverruan-weiboclient4j-133,Astor-Cardumen,0:00:12,RepairStatus.UNKNOWN,"May 01, 2020"
hoverruan-weiboclient4j-133,Astor-jKali,0:00:11,RepairStatus.UNKNOWN,"May 01, 2020"
hoverruan-weiboclient4j-133,Astor-jMutRepair,0:00:11,RepairStatus.UNKNOWN,"May 01, 2020"
hoverruan-weiboclient4j-133,Astor-jgenprog,0:00:11,RepairStatus.UNKNOWN,"May 01, 2020"
ivantrendafilov-confucius-93,Astor-Cardumen,0:00:07,RepairStatus.UNKNOWN,"May 01, 2020"
ivantrendafilov-confucius-93,Astor-jKali,0:00:06,RepairStatus.UNKNOWN,"May 01, 2020"
ivantrendafilov-confucius-93,Astor-jMutRepair,0:00:06,RepairStatus.UNKNOWN,"May 01, 2020"
ivantrendafilov-confucius-93,Astor-jgenprog,0:00:07,RepairStatus.UNKNOWN,"May 01, 2020"
hoverruan-weiboclient4j-132,Astor-Cardumen,0:00:11,RepairStatus.UNKNOWN,"May 01, 2020"
hoverruan-weiboclient4j-132,Astor-jKali,0:00:11,RepairStatus.UNKNOWN,"May 01, 2020"
hoverruan-weiboclient4j-132,Astor-jMutRepair,0:00:11,RepairStatus.UNKNOWN,"May 01, 2020"
hoverruan-weiboclient4j-132,Astor-jgenprog,0:00:11,RepairStatus.UNKNOWN,"May 01, 2020"
hoverruan-weiboclient4j-128,Astor-Cardumen,0:00:11,RepairStatus.UNKNOWN,"May 01, 2020"
hoverruan-weiboclient4j-128,Astor-jKali,0:00:10,RepairStatus.UNKNOWN,"May 01, 2020"
hoverruan-weiboclient4j-128,Astor-jMutRepair,0:00:10,RepairStatus.UNKNOWN,"May 01, 2020"
hoverruan-weiboclient4j-128,Astor-jgenprog,0:00:11,RepairStatus.UNKNOWN,"May 01, 2020"
visualee-30,Astor-Cardumen,0:16:58,RepairStatus.UNKNOWN,"May 01, 2020"
visualee-30,Astor-jKali,0:01:52,RepairStatus.UNKNOWN,"May 01, 2020"
visualee-30,Astor-jMutRepair,0:01:56,RepairStatus.UNKNOWN,"May 01, 2020"
visualee-30,Astor-jgenprog,1:34:45,RepairStatus.UNKNOWN,"May 01, 2020"
ivantrendafilov-confucius-95,Astor-Cardumen,0:06:48,RepairStatus.UNKNOWN,"May 01, 2020"
ivantrendafilov-confucius-95,Astor-jKali,0:05:23,RepairStatus.UNKNOWN,"May 01, 2020"
ivantrendafilov-confucius-95,Astor-jMutRepair,0:05:30,RepairStatus.UNKNOWN,"May 01, 2020"
ivantrendafilov-confucius-95,Astor-jgenprog,0:05:05,RepairStatus.UNKNOWN,"May 01, 2020"
ivantrendafilov-confucius-99,Astor-Cardumen,0:05:07,RepairStatus.UNKNOWN,"May 01, 2020"
ivantrendafilov-confucius-99,Astor-jKali,0:04:58,RepairStatus.UNKNOWN,"May 01, 2020"
ivantrendafilov-confucius-99,Astor-jMutRepair,0:05:13,RepairStatus.UNKNOWN,"May 01, 2020"
ivantrendafilov-confucius-99,Astor-jgenprog,0:05:13,RepairStatus.UNKNOWN,"May 01, 2020"
ivantrendafilov-confucius-98,Astor-Cardumen,0:05:08,RepairStatus.UNKNOWN,"May 01, 2020"
ivantrendafilov-confucius-98,Astor-jKali,0:04:57,RepairStatus.UNKNOWN,"May 01, 2020"
ivantrendafilov-confucius-98,Astor-jMutRepair,0:05:18,RepairStatus.UNKNOWN,"May 01, 2020"
ivantrendafilov-confucius-98,Astor-jgenprog,0:05:28,RepairStatus.UNKNOWN,"May 01, 2020"
hoverruan-weiboclient4j-134,Astor-Cardumen,0:06:29,RepairStatus.UNKNOWN,"May 01, 2020"
hoverruan-weiboclient4j-134,Astor-jKali,0:05:52,RepairStatus.UNKNOWN,"May 01, 2020"
hoverruan-weiboclient4j-134,Astor-jMutRepair,0:05:56,RepairStatus.UNKNOWN,"May 01, 2020"
hoverruan-weiboclient4j-134,Astor-jgenprog,0:06:26,RepairStatus.UNKNOWN,"May 01, 2020"
ivantrendafilov-confucius-96,Astor-Cardumen,0:06:23,RepairStatus.UNKNOWN,"May 01, 2020"
ivantrendafilov-confucius-96,Astor-jKali,0:04:57,RepairStatus.UNKNOWN,"May 01, 2020"
ivantrendafilov-confucius-96,Astor-jMutRepair,0:05:04,RepairStatus.UNKNOWN,"May 01, 2020"
ivantrendafilov-confucius-96,Astor-jgenprog,0:05:15,RepairStatus.UNKNOWN,"May 01, 2020"
ivantrendafilov-confucius-100,Astor-Cardumen,0:05:23,RepairStatus.UNKNOWN,"May 01, 2020"
ivantrendafilov-confucius-100,Astor-jKali,0:05:15,RepairStatus.UNKNOWN,"May 01, 2020"
ivantrendafilov-confucius-100,Astor-jMutRepair,0:05:13,RepairStatus.UNKNOWN,"May 01, 2020"
ivantrendafilov-confucius-100,Astor-jgenprog,0:05:32,RepairStatus.UNKNOWN,"May 01, 2020"
hoverruan-weiboclient4j-131,Astor-Cardumen,0:06:34,RepairStatus.UNKNOWN,"May 01, 2020"
hoverruan-weiboclient4j-131,Astor-jKali,0:06:08,RepairStatus.UNKNOWN,"May 01, 2020"
hoverruan-weiboclient4j-131,Astor-jMutRepair,0:05:57,RepairStatus.UNKNOWN,"May 01, 2020"
hoverruan-weiboclient4j-131,Astor-jgenprog,0:06:06,RepairStatus.UNKNOWN,"May 01, 2020"
visualee-29,Astor-Cardumen,0:51:03,RepairStatus.UNKNOWN,"May 01, 2020"
visualee-29,Astor-jKali,0:10:09,RepairStatus.UNKNOWN,"May 01, 2020"
visualee-29,Astor-jMutRepair,0:10:17,RepairStatus.UNKNOWN,"May 01, 2020"
visualee-29,Astor-jgenprog,1:43:50,RepairStatus.UNKNOWN,"May 01, 2020"
hoverruan-weiboclient4j-130,Astor-Cardumen,0:07:48,RepairStatus.UNKNOWN,"May 01, 2020"
hoverruan-weiboclient4j-130,Astor-jKali,0:06:57,RepairStatus.UNKNOWN,"May 01, 2020"
hoverruan-weiboclient4j-130,Astor-jMutRepair,0:07:06,RepairStatus.UNKNOWN,"May 01, 2020"
hoverruan-weiboclient4j-130,Astor-jgenprog,0:07:18,RepairStatus.UNKNOWN,"May 01, 2020"
visualee-32,Astor-Cardumen,0:49:07,RepairStatus.UNKNOWN,"May 01, 2020"
visualee-32,Astor-jKali,0:20:44,RepairStatus.UNKNOWN,"May 01, 2020"
visualee-32,Astor-jMutRepair,0:18:26,RepairStatus.UNKNOWN,"May 01, 2020"
visualee-32,Astor-jgenprog,1:34:13,RepairStatus.UNKNOWN,"May 01, 2020"
ivantrendafilov-confucius-101,Astor-Cardumen,0:11:31,RepairStatus.UNKNOWN,"May 01, 2020"
ivantrendafilov-confucius-101,Astor-jKali,0:10:15,RepairStatus.UNKNOWN,"May 01, 2020"
ivantrendafilov-confucius-101,Astor-jMutRepair,0:11:09,RepairStatus.UNKNOWN,"May 01, 2020"
ivantrendafilov-confucius-101,Astor-jgenprog,0:11:12,RepairStatus.UNKNOWN,"May 01, 2020"
jriecken-gae-java-mini-profiler-39,Astor-Cardumen,0:15:47,RepairStatus.UNKNOWN,"May 02, 2020"
jriecken-gae-java-mini-profiler-39,Astor-jMutRepair,0:10:26,RepairStatus.UNKNOWN,"May 02, 2020"
jriecken-gae-java-mini-profiler-39,Astor-jKali,0:10:26,RepairStatus.UNKNOWN,"May 02, 2020"
jriecken-gae-java-mini-profiler-39,Astor-jgenprog,0:30:42,RepairStatus.UNKNOWN,"May 02, 2020"
Bears-184,Astor-Cardumen,0:01:10,RepairStatus.UNKNOWN,"May 02, 2020"
Bears-184,Astor-jgenprog,1:19:40,RepairStatus.UNKNOWN,"May 02, 2020"
Bears-80,Astor-Cardumen,1:47:28,RepairStatus.UNKNOWN,"May 03, 2020"
Bears-80,Astor-jKali,0:42:23,RepairStatus.UNKNOWN,"May 03, 2020"
Bears-80,Astor-jgenprog,1:12:58,RepairStatus.UNKNOWN,"May 03, 2020"
Bears-80,Astor-jMutRepair,1:14:52,RepairStatus.UNKNOWN,"May 03, 2020"
jfreechart-7a,Astor-jMutRepair,0:04:58,RepairStatus.UNKNOWN,"May 04, 2020"
jfreechart-7a,Astor-jKali,0:05:03,RepairStatus.UNKNOWN,"May 04, 2020"
jfreechart-7a,Astor-Cardumen,0:01:28,RepairStatus.UNKNOWN,"May 04, 2020"
jfreechart-7a,Astor-jgenprog,0:20:00,RepairStatus.UNKNOWN,"May 04, 2020"
closure-2,Astor-jMutRepair,0:00:37,RepairStatus.UNKNOWN,"May 04, 2020"
closure-2,Astor-jKali,0:00:28,RepairStatus.UNKNOWN,"May 04, 2020"
closure-2,Astor-Cardumen,0:00:28,RepairStatus.UNKNOWN,"May 04, 2020"
closure-2,Astor-jgenprog,0:00:33,RepairStatus.UNKNOWN,"May 04, 2020"
Bears-107,Astor-jMutRepair,0:01:41,RepairStatus.UNKNOWN,"May 04, 2020"
Bears-107,Astor-jKali,0:02:22,RepairStatus.UNKNOWN,"May 04, 2020"
Bears-107,Astor-Cardumen,0:17:37,RepairStatus.UNKNOWN,"May 04, 2020"
Bears-107,Astor-jgenprog,0:19:57,RepairStatus.UNKNOWN,"May 04, 2020"
jfreechart-3a,Astor-Cardumen,0:01:11,RepairStatus.UNKNOWN,"May 05, 2020"
jfreechart-3a,Astor-jgenprog,0:19:56,RepairStatus.SUCCESS,"May 05, 2020"
jfreechart-3a,Astor-jKali,0:02:45,RepairStatus.SUCCESS,"May 05, 2020"
jfreechart-3a,Astor-jMutRepair,0:02:33,RepairStatus.SUCCESS,"May 05, 2020"
jfreechart-6,Astor-jKali,0:02:05,RepairStatus.SUCCESS,"May 06, 2020"
jfreechart-6,Astor-Cardumen,0:06:00,RepairStatus.SUCCESS,"May 06, 2020"
jfreechart-6,Astor-jgenprog,0:05:31,RepairStatus.SUCCESS,"May 06, 2020"
jfreechart-6,Astor-jMutRepair,0:01:48,RepairStatus.SUCCESS,"May 06, 2020"
jfreechart-2,Astor-Cardumen,0:01:10,RepairStatus.UNKNOWN,"May 06, 2020"
closure-3,Astor-jKali,0:00:23,RepairStatus.UNKNOWN,"May 06, 2020"
closure-3,Astor-jMutRepair,0:00:26,RepairStatus.UNKNOWN,"May 06, 2020"
closure-3,Astor-Cardumen,0:00:31,RepairStatus.UNKNOWN,"May 06, 2020"
closure-3,Astor-jgenprog,0:00:31,RepairStatus.UNKNOWN,"May 06, 2020"
acmath-2,Astor-Cardumen,0:04:10,RepairStatus.UNKNOWN,"May 06, 2020"
MATH-891,Astor-jKali,0:20:26,RepairStatus.UNKNOWN,"May 06, 2020"
MATH-891,Astor-jMutRepair,0:48:54,RepairStatus.UNKNOWN,"May 06, 2020"
MATH-891,Astor-Cardumen,0:45:29,RepairStatus.UNKNOWN,"May 06, 2020"
MATH-891,Astor-jgenprog,0:42:22,RepairStatus.UNKNOWN,"May 06, 2020"
LOG4J2-834,Nopol,0:09:41,RepairStatus.SUCCESS,"May 07, 2020"
LOG4J2-834,Arja-Arja,0:00:03,RepairStatus.UNKNOWN,"May 07, 2020"
LOG4J2-834,NPEFix,0:01:32,RepairStatus.SUCCESS,"May 07, 2020"
LOG4J2-834,Arja-Kali,0:00:03,RepairStatus.UNKNOWN,"May 07, 2020"
LOG4J2-834,Arja-RSRepair,0:00:03,RepairStatus.UNKNOWN,"May 07, 2020"
LOG4J2-834,Arja-GenProg,0:00:03,RepairStatus.UNKNOWN,"May 07, 2020"
LOG4J2-834,Dynamoth,0:03:53,RepairStatus.SUCCESS,"May 07, 2020"

-------

hoverruan-weiboclient4j-129,Astor-jMutRepair,0:00:16,RepairStatus.UNKNOWN,"May 13, 2020"
hoverruan-weiboclient4j-129,Astor-jgenprog,0:00:20,RepairStatus.UNKNOWN,"May 13, 2020"
hoverruan-weiboclient4j-129,Astor-Cardumen,0:00:18,RepairStatus.UNKNOWN,"May 13, 2020"
hoverruan-weiboclient4j-129,Astor-jKali,0:00:17,RepairStatus.UNKNOWN,"May 13, 2020"

hoverruan-weiboclient4j-133,Astor-jMutRepair,0:00:14,RepairStatus.UNKNOWN,"May 13, 2020"
hoverruan-weiboclient4j-133,Astor-jgenprog,0:00:20,RepairStatus.UNKNOWN,"May 13, 2020"
hoverruan-weiboclient4j-133,Astor-Cardumen,0:00:18,RepairStatus.UNKNOWN,"May 13, 2020"
hoverruan-weiboclient4j-133,Astor-jKali,0:00:15,RepairStatus.UNKNOWN,"May 13, 2020"

ivantrendafilov-confucius-93,Astor-jMutRepair,0:00:27,RepairStatus.UNKNOWN,"May 13, 2020"
ivantrendafilov-confucius-93,Astor-jKali,0:07:23,RepairStatus.UNKNOWN,"May 13, 2020"

hoverruan-weiboclient4j-132,Astor-jMutRepair,0:02:11,RepairStatus.UNKNOWN,"May 13, 2020"
hoverruan-weiboclient4j-132,Astor-jgenprog,0:03:38,RepairStatus.UNKNOWN,"May 13, 2020"
hoverruan-weiboclient4j-132,Astor-Cardumen,0:02:46,RepairStatus.UNKNOWN,"May 13, 2020"
hoverruan-weiboclient4j-132,Astor-jKali,0:02:28,RepairStatus.UNKNOWN,"May 13, 2020"

asterisk-java-194,Astor-jMutRepair,0:05:45,RepairStatus.UNKNOWN,"May 13, 2020"
asterisk-java-194,Astor-jgenprog,1:07:02,RepairStatus.UNKNOWN,"May 13, 2020"
asterisk-java-194,Astor-Cardumen,0:39:26,RepairStatus.UNKNOWN,"May 13, 2020"
asterisk-java-194,Astor-jKali,0:04:44,RepairStatus.UNKNOWN,"May 13, 2020"

hoverruan-weiboclient4j-128,Astor-jMutRepair,0:02:12,RepairStatus.UNKNOWN,"May 13, 2020"
hoverruan-weiboclient4j-128,Astor-jgenprog,0:03:47,RepairStatus.UNKNOWN,"May 13, 2020"
hoverruan-weiboclient4j-128,Astor-Cardumen,0:02:54,RepairStatus.UNKNOWN,"May 13, 2020"
hoverruan-weiboclient4j-128,Astor-jKali,0:02:25,RepairStatus.UNKNOWN,"May 13, 2020"

ivantrendafilov-confucius-95,Astor-jMutRepair,0:03:25,RepairStatus.UNKNOWN,"May 13, 2020"
ivantrendafilov-confucius-95,Astor-Cardumen,1:31:43,RepairStatus.UNKNOWN,"May 13, 2020"
ivantrendafilov-confucius-95,Astor-jKali,0:15:08,RepairStatus.UNKNOWN,"May 13, 2020"

ivantrendafilov-confucius-99,Astor-jMutRepair,0:03:11,RepairStatus.UNKNOWN,"May 14, 2020"
ivantrendafilov-confucius-99,Astor-jKali,0:06:43,RepairStatus.UNKNOWN,"May 14, 2020"
ivantrendafilov-confucius-99,Astor-jgenprog,0:58:07,RepairStatus.UNKNOWN,"May 14, 2020"
ivantrendafilov-confucius-98,Astor-jMutRepair,0:04:58,RepairStatus.UNKNOWN,"May 14, 2020"
ivantrendafilov-confucius-98,Astor-jKali,0:08:28,RepairStatus.UNKNOWN,"May 14, 2020"
hoverruan-weiboclient4j-134,Astor-Cardumen,0:04:04,RepairStatus.UNKNOWN,"May 14, 2020"
hoverruan-weiboclient4j-134,Astor-jMutRepair,0:02:55,RepairStatus.UNKNOWN,"May 14, 2020"
hoverruan-weiboclient4j-134,Astor-jKali,0:03:22,RepairStatus.UNKNOWN,"May 14, 2020"
hoverruan-weiboclient4j-134,Astor-jgenprog,0:05:31,RepairStatus.UNKNOWN,"May 14, 2020"
ivantrendafilov-confucius-96,Astor-jMutRepair,0:05:55,RepairStatus.UNKNOWN,"May 14, 2020"
ivantrendafilov-confucius-96,Astor-jKali,0:09:10,RepairStatus.UNKNOWN,"May 14, 2020"
ivantrendafilov-confucius-96,Astor-jgenprog,1:13:20,RepairStatus.UNKNOWN,"May 14, 2020"
ivantrendafilov-confucius-100,Astor-jMutRepair,0:06:55,RepairStatus.UNKNOWN,"May 14, 2020"
ivantrendafilov-confucius-100,Astor-jKali,0:10:02,RepairStatus.UNKNOWN,"May 14, 2020"
ivantrendafilov-confucius-100,Astor-jgenprog,1:42:00,RepairStatus.UNKNOWN,"May 14, 2020"
hoverruan-weiboclient4j-131,Astor-Cardumen,0:06:26,RepairStatus.UNKNOWN,"May 14, 2020"
hoverruan-weiboclient4j-131,Astor-jMutRepair,0:04:39,RepairStatus.UNKNOWN,"May 14, 2020"
hoverruan-weiboclient4j-131,Astor-jKali,0:05:27,RepairStatus.UNKNOWN,"May 14, 2020"
hoverruan-weiboclient4j-131,Astor-jgenprog,0:07:28,RepairStatus.UNKNOWN,"May 14, 2020"
hoverruan-weiboclient4j-130,Astor-Cardumen,0:05:16,RepairStatus.UNKNOWN,"May 14, 2020"
hoverruan-weiboclient4j-130,Astor-jMutRepair,0:05:13,RepairStatus.UNKNOWN,"May 14, 2020"
hoverruan-weiboclient4j-130,Astor-jKali,0:05:55,RepairStatus.UNKNOWN,"May 14, 2020"
hoverruan-weiboclient4j-130,Astor-jgenprog,0:08:23,RepairStatus.UNKNOWN,"May 14, 2020"
ivantrendafilov-confucius-101,Astor-Cardumen,0:00:19,RepairStatus.UNKNOWN,"May 14, 2020"
ivantrendafilov-confucius-101,Astor-jMutRepair,0:00:18,RepairStatus.UNKNOWN,"May 14, 2020"
ivantrendafilov-confucius-101,Astor-jKali,0:00:14,RepairStatus.UNKNOWN,"May 14, 2020"
ivantrendafilov-confucius-101,Astor-jgenprog,0:00:17,RepairStatus.UNKNOWN,"May 14, 2020"
