Bears-5,Astor-jgenprog,timeout,"April 22, 2020"
Bears-21,Astor-jgenprog,timeout,"April 22, 2020"
Bears-8,Astor-jgenprog,timeout,"April 22, 2020"
Bears-84,Astor-jgenprog,timeout,"April 23, 2020"
Bears-103,Astor-jgenprog,timeout,"April 23, 2020"
Bears-119,Astor-jgenprog,timeout,"April 24, 2020"
Bears-178,Astor-jgenprog,timeout,"April 24, 2020"
CAMEL-6779,Astor-jKali,timeout,"April 25, 2020"
CAMEL-6779,Astor-jgenprog,timeout,"April 25, 2020"
CAMEL-7209,Astor-jgenprog,timeout,"April 25, 2020"
CAMEL-7213,Astor-jgenprog,timeout,"April 25, 2020"
CAMEL-7213,Astor-jMutRepair,timeout,"April 25, 2020"
CAMEL-7213,Astor-jKali,timeout,"April 25, 2020"
CAMEL-9238,Astor-jKali,timeout,"April 26, 2020"
CAMEL-9269,Astor-jKali,timeout,"April 26, 2020"
CAMEL-9269,Astor-jMutRepair,timeout,"April 26, 2020"
MATH-1089,Astor-Cardumen,timeout,"April 26, 2020"
MATH-778,Astor-jgenprog,timeout,"April 26, 2020"
MATH-1121,Astor-Cardumen,timeout,"April 26, 2020"
MATH-1121,Astor-jgenprog,timeout,"April 26, 2020"
FLINK-1437,Astor-Cardumen,timeout,"April 27, 2020"
FLINK-1437,Astor-jgenprog,timeout,"April 27, 2020"
FLINK-2800,Astor-jgenprog,timeout,"April 27, 2020"
LOG4J2-742,Astor-jKali,timeout,"April 28, 2020"
LOG4J2-742,Astor-jgenprog,timeout,"April 28, 2020"
LOG4J2-742,Astor-jMutRepair,timeout,"April 28, 2020"
LOG4J2-834,Astor-jKali,timeout,"April 28, 2020"
LOG4J2-834,Astor-jgenprog,timeout,"April 28, 2020"
LOG4J2-834,Astor-jMutRepair,timeout,"April 28, 2020"
OAK-3123,Astor-Cardumen,timeout,"April 29, 2020"
OAK-3123,Astor-jgenprog,timeout,"April 29, 2020"
OAK-4067,Astor-Cardumen,timeout,"April 29, 2020"
OAK-3028,Astor-Cardumen,timeout,"April 29, 2020"
OAK-3028,Astor-jMutRepair,timeout,"April 29, 2020"
OAK-3028,Astor-jgenprog,timeout,"April 29, 2020"
ACCUMULO-844,Astor-Cardumen,timeout,"April 30, 2020"
ACCUMULO-844,Astor-jgenprog,timeout,"April 30, 2020"
ACCUMULO-1051,Astor-Cardumen,timeout,"April 30, 2020"
ACCUMULO-776,Astor-Cardumen,timeout,"April 30, 2020"
ACCUMULO-1348,Astor-jgenprog,timeout,"April 30, 2020"
ACCUMULO-209,Astor-jgenprog,timeout,"April 30, 2020"
Bears-184,Astor-jMutRepair,timeout,"May 02, 2020"
Bears-184,Astor-jKali,timeout,"May 02, 2020"
jodatime-361,Astor-Cardumen,timeout,"May 03, 2020"
jodatime-361,Astor-jMutRepair,timeout,"May 03, 2020"
jodatime-361,Astor-jKali,timeout,"May 03, 2020"
jodatime-361,Astor-jgenprog,timeout,"May 03, 2020"
jodatime-362,Astor-jMutRepair,timeout,"May 04, 2020"
jodatime-362,Astor-jgenprog,timeout,"May 04, 2020"
jodatime-362,Astor-jKali,timeout,"May 04, 2020"
jodatime-362,Astor-Cardumen,timeout,"May 04, 2020"
jfreechart-2,Astor-jgenprog,timeout,"May 06, 2020"
jfreechart-2,Astor-jMutRepair,timeout,"May 06, 2020"
jfreechart-2,Astor-jKali,timeout,"May 06, 2020"
acmath-2,Astor-jKali,timeout,"May 06, 2020"
acmath-2,Astor-jMutRepair,timeout,"May 06, 2020"
acmath-2,Astor-jgenprog,timeout,"May 06, 2020"

ivantrendafilov-confucius-93,Astor-jgenprog,timeout,"May 13, 2020"
ivantrendafilov-confucius-93,Astor-Cardumen,timeout,"May 13, 2020"
ivantrendafilov-confucius-95,Astor-jgenprog,timeout,"May 13, 2020"
ivantrendafilov-confucius-99,Astor-Cardumen,timeout,"May 14, 2020"
ivantrendafilov-confucius-98,Astor-Cardumen,timeout,"May 14, 2020"
ivantrendafilov-confucius-98,Astor-jgenprog,timeout,"May 14, 2020"
ivantrendafilov-confucius-96,Astor-Cardumen,timeout,"May 14, 2020"
ivantrendafilov-confucius-100,Astor-Cardumen,timeout,"May 14, 2020"
